<?xml version="1.0" encoding="UTF-8" standalone="yes"?>
    <addon id="plugin.video.FlawlessTv" version="0.1" name="PissyMustard" provider-name="PissyMustard team">
    <requires>
        <import addon="xbmc.python" version="2.1.0"/>        
    </requires>
    <extension point="xbmc.python.pluginsource" library="default.py">
        <provides>video</provides>
    </extension>
    <extension point="xbmc.addon.metadata">
        <summary>PissyMustard</summary>
        <description>PissyMustard offering only the best in IPTV</description>
        <disclaimer>The author does not host or distribute any of the content displayed by this addon. The author does not have any affiliation with the content providers.</disclaimer>
        <language>en</language>
        <platform>all</platform>
        <source></source>
        <email></email>
    </extension>
</addon>