<?xml version="1.0" encoding="UTF-8"?>
    <addon id="repository.PissyMustard" name="PissyMustard" version="" provider-name="Cantona's Collar">
        <requires>
            <import addon="xbmc.addon" version="12.0.0"/>
        </requires>
        <extension point="xbmc.addon.repository" name="PissyMustard">
            <info compressed="false">https://github.com/wezlyons/pissymustard_repo/addons.xml</info>
            <checksum>https://github.com/wezlyons/pissymustard_repo/addons.xml.md5</checksum>
            <datadir zip="true">https://github.com/wezlyons/pissymustard_repo/</datadir>
            <hashes>false</hashes>
        </extension>
        <extension point="xbmc.addon.metadata">
            <summary>The King of IPTV</summary>
            <description>When the seagulls follow the trawler...</description>
            <platform>all</platform>
    </extension>
</addon>